innings,Batsman,Runs,Balls,Minutes,fours,sixes,SR,out,id
India,Rohit Sharma,47,31,44,4,3,151.61,c Head b Maxwell,4705
India,Shubman Gill,4,7,21,0,0,57.14,c Zampa b Starc,4705
India,Virat Kohli,54,63,99,4,0,85.71, b Cummins,4705
India,Shreyas Iyer,4,3,3,1,0,133.33,c †Inglis b Cummins,4705
India,KL Rahul,66,107,133,1,0,61.68,c †Inglis b Starc,4705
India,Ravindra Jadeja,9,22,33,0,0,40.90,c †Inglis b Hazlewood,4705
India,Suryakumar Yadav,18,28,57,1,0,64.28,c †Inglis b Hazlewood,4705
India,Mohammed Shami,6,10,9,1,0,60.00,c †Inglis b Starc,4705
India,Jasprit Bumrah,1,3,5,0,0,33.33,lbw b Zampa,4705
India,Kuldeep Yadav,10,18,28,0,0,55.55,run out (Labuschagne/Cummins),4705
India,Mohammed Siraj,9,8,13,1,0,112.50,null,4705
Australia,David Warner,7,3,6,1,0,233.33,c Kohli b Mohammed Shami,4705
Australia,Travis Head,137,120,166,15,4,114.16,c Shubman Gill b Mohammed Siraj,4705
Australia,Mitchell Marsh,15,15,15,1,1,100.00,c †Rahul b Bumrah,4705
Australia,Steven Smith,4,9,11,1,0,44.44,lbw b Bumrah,4705
Australia,Marnus Labuschagne,58,110,133,4,0,52.72,null,4705
Australia,Glenn Maxwell,2,1,1,0,0,200.00,null,4705
South Africa,Quinton de Kock,3,14,27,0,0,21.42,c Cummins b Hazlewood,4704
South Africa,Temba Bavuma,0,4,5,0,0,0.00,c †Inglis b Starc,4704
South Africa,Rassie van der Dussen,6,31,53,0,0,19.35,c Smith b Hazlewood,4704
South Africa,Aiden Markram,10,20,24,2,0,50.00,c Warner b Starc,4704
South Africa,Heinrich Klaasen,47,48,76,4,2,97.91, b Head,4704
South Africa,David Miller,101,116,138,8,5,87.06,c Head b Cummins,4704
South Africa,Marco Jansen,0,1,1,0,0,0.00,lbw b Head,4704
South Africa,Gerald Coetzee,19,39,42,2,0,48.71,c †Inglis b Cummins,4704
South Africa,Keshav Maharaj,4,8,13,0,0,50.00,c Smith b Starc,4704
South Africa,Kagiso Rabada,10,12,18,0,1,83.33,c Maxwell b Cummins,4704
South Africa,Tabraiz Shamsi,1,5,11,0,0,20.00,null,4704
Australia,Travis Head,62,48,62,9,2,129.16, b Maharaj,4704
Australia,David Warner,29,18,29,1,4,161.11, b Markram,4704
Australia,Mitchell Marsh,0,6,5,0,0,0.00,c van der Dussen b Rabada,4704
Australia,Steven Smith,30,62,102,2,0,48.38,c †de Kock b Coetzee,4704
Australia,Marnus Labuschagne,18,31,28,2,0,58.06,lbw b Shamsi,4704
Australia,Glenn Maxwell,1,5,8,0,0,20.00, b Shamsi,4704
Australia,Josh Inglis,28,49,66,3,0,57.14, b Coetzee,4704
Australia,Mitchell Starc,16,38,61,2,0,42.10,null,4704
Australia,Pat Cummins,14,29,32,2,0,48.27,null,4704
India,Rohit Sharma,47,29,40,4,4,162.06,c Williamson b Southee,4703
India,Shubman Gill,80,66,116,8,3,121.21,null,4703
India,Virat Kohli,117,113,149,9,2,103.53,c Conway b Southee,4703
India,Shreyas Iyer,105,70,114,4,8,150.00,c Mitchell b Boult,4703
India,KL Rahul,39,20,29,5,2,195.00,null,4703
India,Suryakumar Yadav,1,2,2,0,0,50.00,c Phillips b Southee,4703
New Zealand,Devon Conway,13,15,26,3,0,86.66,c †Rahul b Mohammed Shami,4703
New Zealand,Rachin Ravindra,13,22,39,3,0,59.09,c †Rahul b Mohammed Shami,4703
New Zealand,Kane Williamson,69,73,116,8,1,94.52,c Yadav b Mohammed Shami,4703
New Zealand,Daryl Mitchell,134,119,180,9,7,112.60,c Jadeja b Mohammed Shami,4703
New Zealand,Tom Latham,0,2,1,0,0,0.00,lbw b Mohammed Shami,4703
New Zealand,Glenn Phillips,41,33,58,4,2,124.24,c Jadeja b Bumrah,4703
New Zealand,Mark Chapman,2,5,5,0,0,40.00,c Jadeja b Kuldeep Yadav,4703
New Zealand,Mitchell Santner,9,10,20,0,0,90.00,c Sharma b Mohammed Siraj,4703
New Zealand,Tim Southee,9,10,14,1,0,90.00,c †Rahul b Mohammed Shami,4703
New Zealand,Trent Boult,2,2,5,0,0,100.00,null,4703
New Zealand,Lockie Ferguson,6,3,2,0,1,200.00,c †Rahul b Mohammed Shami,4703
India,Rohit Sharma,61,54,74,8,2,112.96,c Barresi b de Leede,4702
India,Shubman Gill,51,32,49,3,4,159.37,c Nidamanuru b van Meekeren,4702
India,Virat Kohli,51,56,69,5,1,91.07, b van der Merwe,4702
India,Shreyas Iyer,128,94,145,10,5,136.17,null,4702
India,KL Rahul,102,64,98,11,4,159.37,c Engelbrecht b de Leede,4702
India,Suryakumar Yadav,2,1,1,0,0,200.00,null,4702
Netherlands,Wesley Barresi,4,5,8,0,0,80.00,c †Rahul b Mohammed Siraj,4702
Netherlands,Max O'Dowd,30,42,68,3,1,71.42, b Jadeja,4702
Netherlands,Colin Ackermann,35,32,46,6,0,109.37,lbw b Kuldeep Yadav,4702
Netherlands,Sybrand Engelbrecht,45,80,87,4,0,56.25, b Mohammed Siraj,4702
Netherlands,Scott Edwards,17,30,27,1,0,56.66,c †Rahul b Kohli,4702
Netherlands,Bas de Leede,12,21,23,1,0,57.14, b Bumrah,4702
Netherlands,Teja Nidamanuru,54,39,65,1,6,138.46,c Mohammed Shami b Sharma,4702
Netherlands,Logan van Beek,16,15,20,2,0,106.66, b Kuldeep Yadav,4702
Netherlands,Roelof van der Merwe,16,8,5,1,2,200.00,c Mohammed Shami b Jadeja,4702
Netherlands,Aryan Dutt,5,11,9,0,0,45.45, b Bumrah,4702
Netherlands,Paul van Meekeren,3,4,7,0,0,75.00,null,4702
England,Dawid Malan,31,39,61,5,0,79.48,c †Mohammad Rizwan b Iftikhar Ahmed,4701
England,Jonny Bairstow,59,61,81,7,1,96.72,c Agha Salman b Haris Rauf,4701
England,Joe Root,60,72,115,4,0,83.33,c Shadab Khan b Shaheen Shah Afridi,4701
England,Ben Stokes,84,76,85,11,2,110.52, b Shaheen Shah Afridi,4701
England,Jos Buttler,27,18,39,3,1,150.00,run out (Haris Rauf),4701
England,Harry Brook,30,17,24,2,2,176.47,c Shaheen Shah Afridi b Haris Rauf,4701
England,Moeen Ali,8,6,10,0,1,133.33, b Haris Rauf,4701
England,Chris Woakes,4,4,19,1,0,100.00,null,4701
England,David Willey,15,5,5,2,1,300.00,c Iftikhar Ahmed b Mohammad Wasim,4701
England,Gus Atkinson,0,1,1,0,0,0.00, b Mohammad Wasim,4701
England,Adil Rashid,0,1,1,0,0,0.00,null,4701
Pakistan,Abdullah Shafique,0,2,2,0,0,0.00,lbw b Willey,4701
Pakistan,Fakhar Zaman,1,9,13,0,0,11.11,c Stokes b Willey,4701
Pakistan,Babar Azam,38,45,58,6,0,84.44,c Rashid b Atkinson,4701
Pakistan,Mohammad Rizwan,36,51,78,2,0,70.58, b Ali,4701
Pakistan,Saud Shakeel,29,37,52,4,0,78.37, b Rashid,4701
Pakistan,Agha Salman,51,45,53,6,1,113.33,c Stokes b Willey,4701
Pakistan,Iftikhar Ahmed,3,5,8,0,0,60.00,c Malan b Ali,4701
Pakistan,Shadab Khan,4,7,4,1,0,57.14, b Rashid,4701
Pakistan,Shaheen Shah Afridi,25,23,23,3,1,108.69,lbw b Atkinson,4701
Pakistan,Mohammad Wasim,16,14,33,2,1,114.28,null,4701
Pakistan,Haris Rauf,35,23,27,3,3,152.17,c Stokes b Woakes,4701
Bangladesh,Tanzid Hasan,36,34,55,6,0,105.88,c & b Abbott,4700
Bangladesh,Litton Das,36,45,76,5,0,80.00,c Labuschagne b Zampa,4700
Bangladesh,Najmul Hossain Shanto,45,57,59,6,0,78.94,run out (Labuschagne/†Inglis),4700
Bangladesh,Towhid Hridoy,74,79,121,5,2,93.67,c Labuschagne b Stoinis,4700
Bangladesh,Mahmudullah,32,28,34,1,3,114.28,run out (Labuschagne),4700
Bangladesh,Mushfiqur Rahim,21,24,27,0,1,87.50,c Cummins b Zampa,4700
Bangladesh,Mehidy Hasan Miraz,29,20,33,4,0,145.00,c Cummins b Abbott,4700
Bangladesh,Nasum Ahmed,7,11,15,0,0,63.63,run out (Abbott),4700
Bangladesh,Mahedi Hasan,2,3,4,0,0,66.66,null,4700
Bangladesh,Taskin Ahmed,0,1,2,0,0,0.00,null,4700
Australia,Travis Head,10,11,11,2,0,90.90, b Taskin Ahmed,4700
Australia,David Warner,53,61,90,6,0,86.88,c Najmul Hossain Shanto b Mustafizur Rahman,4700
Australia,Mitchell Marsh,177,132,177,17,9,134.09,null,4700
Australia,Steven Smith,63,64,99,4,1,98.43,null,4700
Afghanistan,Rahmanullah Gurbaz,25,22,45,3,1,113.63,c Klaasen b Maharaj,4699
Afghanistan,Ibrahim Zadran,15,30,52,3,0,50.00,c †de Kock b Coetzee,4699
Afghanistan,Rahmat Shah,26,46,58,2,0,56.52,c Miller b Ngidi,4699
Afghanistan,Hashmatullah Shahidi,2,7,5,0,0,28.57,c †de Kock b Maharaj,4699
Afghanistan,Azmatullah Omarzai,97,107,173,7,3,90.65,null,4699
Afghanistan,Ikram Alikhil,12,14,16,1,1,85.71,c †de Kock b Coetzee,4699
Afghanistan,Mohammad Nabi,2,3,7,0,0,66.66,c †de Kock b Ngidi,4699
Afghanistan,Rashid Khan,14,30,42,0,0,46.66,c †de Kock b Phehlukwayo,4699
Afghanistan,Noor Ahmad,26,32,36,4,0,81.25,c †de Kock b Coetzee,4699
Afghanistan,Mujeeb Ur Rahman,8,5,7,0,1,160.00,c Markram b Coetzee,4699
Afghanistan,Naveen-ul-Haq,2,4,12,0,0,50.00,run out (Rabada),4699
South Africa,Quinton de Kock,41,47,58,2,3,87.23,lbw b Mohammad Nabi,4699
South Africa,Temba Bavuma,23,28,49,3,0,82.14,c Rahmanullah Gurbaz b Mujeeb Ur Rahman,4699
South Africa,Rassie van der Dussen,76,95,141,6,1,80.00,null,4699
South Africa,Aiden Markram,25,32,32,1,1,78.12,c Naveen-ul-Haq b Rashid Khan,4699
South Africa,Heinrich Klaasen,10,13,15,1,0,76.92, b Rashid Khan,4699
South Africa,David Miller,24,33,35,1,1,72.72,c & b Mohammad Nabi,4699
South Africa,Andile Phehlukwayo,39,37,46,1,3,105.40,null,4699
Sri Lanka,Pathum Nissanka,2,8,9,0,0,25.00,c †Latham b Southee,4698
Sri Lanka,Kusal Perera,51,28,46,9,2,182.14,c Santner b Ferguson,4698
Sri Lanka,Kusal Mendis,6,7,11,1,0,85.71,c Ravindra b Boult,4698
Sri Lanka,Sadeera Samarawickrama,1,2,2,0,0,50.00,c Mitchell b Boult,4698
Sri Lanka,Charith Asalanka,8,8,16,1,0,100.00,lbw b Boult,4698
Sri Lanka,Angelo Mathews,16,27,33,2,0,59.25,c Mitchell b Santner,4698
Sri Lanka,Dhananjaya de Silva,19,24,36,2,1,79.16,c Mitchell b Santner,4698
Sri Lanka,Chamika Karunaratne,6,17,28,1,0,35.29,c †Latham b Ferguson,4698
Sri Lanka,Maheesh Theekshana,38,91,109,3,0,41.75,null,4698
Sri Lanka,Dushmantha Chameera,1,20,32,0,0,5.00,c Boult b Ravindra,4698
Sri Lanka,Dilshan Madushanka,19,48,56,2,0,39.58,c †Latham b Ravindra,4698
New Zealand,Devon Conway,45,42,54,9,0,107.14,c de Silva b Chameera,4698
New Zealand,Rachin Ravindra,42,34,61,3,3,123.52,c de Silva b Theekshana,4698
New Zealand,Kane Williamson,14,15,26,2,0,93.33, b Mathews,4698
New Zealand,Daryl Mitchell,43,31,45,5,2,138.70,c Asalanka b Mathews,4698
New Zealand,Mark Chapman,7,6,13,1,0,116.66,run out (Samarawickrama/Mathews),4698
New Zealand,Glenn Phillips,17,10,15,3,0,170.00,null,4698
New Zealand,Tom Latham,2,2,3,0,0,100.00,null,4698
England,Jonny Bairstow,15,17,29,2,0,88.23,c van Meekeren b Dutt,4697
England,Dawid Malan,87,74,92,10,2,117.56,run out (†Edwards/van Beek),4697
England,Joe Root,28,35,53,1,0,80.00, b van Beek,4697
England,Ben Stokes,108,84,136,6,6,128.57,c Engelbrecht b van Beek,4697
England,Harry Brook,11,16,19,2,0,68.75,c Ackermann b de Leede,4697
England,Jos Buttler,5,11,12,0,0,45.45,c Nidamanuru b van Meekeren,4697
England,Moeen Ali,4,15,20,0,0,26.66,c de Leede b Dutt,4697
England,Chris Woakes,51,45,66,5,1,113.33,c †Edwards b de Leede,4697
England,David Willey,6,2,1,0,1,300.00,c Engelbrecht b de Leede,4697
England,Gus Atkinson,2,1,7,0,0,200.00,null,4697
England,Adil Rashid,1,1,3,0,0,100.00,null,4697
Netherlands,Wesley Barresi,37,62,77,3,1,59.67,run out (Woakes/Ali),4697
Netherlands,Max O'Dowd,5,11,20,1,0,45.45,c Ali b Woakes,4697
Netherlands,Colin Ackermann,0,2,4,0,0,0.00,c †Buttler b Willey,4697
Netherlands,Sybrand Engelbrecht,33,49,73,3,1,67.34,c Woakes b Willey,4697
Netherlands,Scott Edwards,38,42,67,3,1,90.47,c Malan b Ali,4697
Netherlands,Bas de Leede,10,12,11,2,0,83.33, b Rashid,4697
Netherlands,Teja Nidamanuru,41,34,47,2,3,120.58,null,4697
Netherlands,Logan van Beek,2,2,3,0,0,100.00,c Malan b Rashid,4697
Netherlands,Roelof van der Merwe,0,4,3,0,0,0.00,c Rashid b Ali,4697
Netherlands,Aryan Dutt,1,3,4,0,0,33.33, b Rashid,4697
Netherlands,Paul van Meekeren,4,3,3,1,0,133.33,st †Buttler b Ali,4697
Afghanistan,Rahmanullah Gurbaz,21,25,38,2,0,84.00,c Starc b Hazlewood,4696
Afghanistan,Ibrahim Zadran,129,143,217,8,3,90.20,null,4696
Afghanistan,Rahmat Shah,30,44,61,1,0,68.18,c Hazlewood b Maxwell,4696
Afghanistan,Hashmatullah Shahidi,26,43,50,2,0,60.46, b Starc,4696
Afghanistan,Azmatullah Omarzai,22,18,23,1,2,122.22,c Maxwell b Zampa,4696
Afghanistan,Mohammad Nabi,12,10,15,0,1,120.00, b Hazlewood,4696
Afghanistan,Rashid Khan,35,18,25,2,3,194.44,null,4696
Australia,David Warner,18,29,46,3,0,62.06, b Azmatullah Omarzai,4696
Australia,Travis Head,0,2,5,0,0,0.00,c †Ikram Alikhil b Naveen-ul-Haq,4696
Australia,Mitchell Marsh,24,11,22,2,2,218.18,lbw b Naveen-ul-Haq,4696
Australia,Marnus Labuschagne,14,28,53,2,0,50.00,run out (Rahmat Shah),4696
Australia,Josh Inglis,0,1,1,0,0,0.00,c Ibrahim Zadran b Azmatullah Omarzai,4696
Australia,Glenn Maxwell,201,128,181,21,10,157.03,null,4696
Australia,Marcus Stoinis,6,7,13,1,0,85.71,lbw b Rashid Khan,4696
Australia,Mitchell Starc,3,7,8,0,0,42.85,c †Ikram Alikhil b Rashid Khan,4696
Australia,Pat Cummins,12,68,122,1,0,17.64,null,4696
Sri Lanka,Pathum Nissanka,41,36,61,8,0,113.88, b Tanzim Hasan Sakib,4695
Sri Lanka,Kusal Perera,4,5,5,1,0,80.00,c †Mushfiqur Rahim b Shoriful Islam,4695
Sri Lanka,Kusal Mendis,19,30,49,1,1,63.33,c Shoriful Islam b Shakib Al Hasan,4695
Sri Lanka,Sadeera Samarawickrama,41,42,53,4,0,97.61,c Mahmudullah b Shakib Al Hasan,4695
Sri Lanka,Charith Asalanka,108,105,159,6,5,102.85,c Litton Das b Tanzim Hasan Sakib,4695
Sri Lanka,Angelo Mathews,0,0,4,0,0,-,null,4695
Sri Lanka,Dhananjaya de Silva,34,36,58,4,1,94.44,st †Mushfiqur Rahim b Mehidy Hasan Miraz,4695
Sri Lanka,Maheesh Theekshana,21,31,35,3,0,67.74,c sub (Nasum Ahmed) b Shoriful Islam,4695
Sri Lanka,Dushmantha Chameera,4,9,17,0,0,44.44,run out (†Mushfiqur Rahim),4695
Sri Lanka,Kasun Rajitha,0,2,1,0,0,0.00,c Litton Das b Tanzim Hasan Sakib,4695
Sri Lanka,Dilshan Madushanka,0,1,3,0,0,0.00,null,4695
Bangladesh,Tanzid Hasan,9,5,11,2,0,180.00,c Nissanka b Madushanka,4695
Bangladesh,Litton Das,23,22,36,2,2,104.54,lbw b Madushanka,4695
Bangladesh,Najmul Hossain Shanto,90,101,163,12,0,89.10, b Mathews,4695
Bangladesh,Shakib Al Hasan,82,65,128,12,2,126.15,c Asalanka b Mathews,4695
Bangladesh,Mahmudullah,22,23,37,3,1,95.65, b Theekshana,4695
Bangladesh,Mushfiqur Rahim,10,13,21,1,0,76.92, b Madushanka,4695
Bangladesh,Towhid Hridoy,15,7,22,0,2,214.28,null,4695
Bangladesh,Mehidy Hasan Miraz,3,5,9,0,0,60.00,c Asalanka b Theekshana,4695
Bangladesh,Tanzim Hasan Sakib,5,6,6,1,0,83.33,null,4695
India,Rohit Sharma,40,24,32,6,2,166.66,c Bavuma b Rabada,4694
India,Shubman Gill,23,24,54,4,1,95.83, b Maharaj,4694
India,Virat Kohli,101,121,195,10,0,83.47,null,4694
India,Shreyas Iyer,77,87,101,7,2,88.50,c Markram b Ngidi,4694
India,KL Rahul,8,17,29,0,0,47.05,c van der Dussen b Jansen,4694
India,Suryakumar Yadav,22,14,19,5,0,157.14,c †de Kock b Shamsi,4694
India,Ravindra Jadeja,29,15,21,3,1,193.33,null,4694
South Africa,Quinton de Kock,5,10,9,1,0,50.00, b Mohammed Siraj,4694
South Africa,Temba Bavuma,11,19,39,1,0,57.89, b Jadeja,4694
South Africa,Rassie van der Dussen,13,32,55,1,0,40.62,lbw b Mohammed Shami,4694
South Africa,Aiden Markram,9,6,6,2,0,150.00,c †Rahul b Mohammed Shami,4694
South Africa,Heinrich Klaasen,1,11,12,0,0,9.09,lbw b Jadeja,4694
South Africa,David Miller,11,11,17,2,0,100.00, b Jadeja,4694
South Africa,Marco Jansen,14,30,45,1,0,46.66,c Jadeja b Kuldeep Yadav,4694
South Africa,Keshav Maharaj,7,11,7,1,0,63.63, b Jadeja,4694
South Africa,Kagiso Rabada,6,26,26,0,0,23.07,c & b Jadeja,4694
South Africa,Lungi Ngidi,0,3,7,0,0,0.00, b Kuldeep Yadav,4694
South Africa,Tabraiz Shamsi,4,4,3,1,0,100.00,null,4694
Australia,Travis Head,11,10,8,1,0,110.00,c Root b Woakes,4693
Australia,David Warner,15,16,29,1,1,93.75,c Willey b Woakes,4693
Australia,Steven Smith,44,52,85,3,0,84.61,c Ali b Rashid,4693
Australia,Marnus Labuschagne,71,83,111,7,0,85.54,lbw b Wood,4693
Australia,Josh Inglis,3,6,5,0,0,50.00,c Ali b Rashid,4693
Australia,Cameron Green,47,52,81,5,0,90.38, b Willey,4693
Australia,Marcus Stoinis,35,32,53,3,2,109.37,c Bairstow b Livingstone,4693
Australia,Pat Cummins,10,13,17,1,0,76.92,c Malan b Wood,4693
Australia,Mitchell Starc,10,13,30,0,0,76.92,c Ali b Woakes,4693
Australia,Adam Zampa,29,19,23,4,0,152.63,c †Buttler b Woakes,4693
Australia,Josh Hazlewood,1,1,1,0,0,100.00,null,4693
England,Jonny Bairstow,0,1,1,0,0,0.00,c †Inglis b Starc,4693
England,Dawid Malan,50,64,99,4,1,78.12,c Head b Cummins,4693
England,Joe Root,13,17,23,2,0,76.47,c †Inglis b Starc,4693
England,Ben Stokes,64,90,128,2,3,71.11,c Stoinis b Zampa,4693
England,Jos Buttler,1,7,10,0,0,14.28,c Green b Zampa,4693
England,Moeen Ali,42,43,61,6,0,97.67,c Warner b Zampa,4693
England,Liam Livingstone,2,5,6,0,0,40.00,c sub (SA Abbott) b Cummins,4693
England,Chris Woakes,32,33,52,4,1,96.96,c Labuschagne b Stoinis,4693
England,David Willey,15,14,19,3,0,107.14,c Zampa b Hazlewood,4693
England,Adil Rashid,20,15,23,1,1,133.33,c †Inglis b Hazlewood,4693
England,Mark Wood,0,0,1,0,0,-,null,4693
New Zealand,Devon Conway,35,39,48,6,0,89.74,c †Mohammad Rizwan b Hasan Ali,4692
New Zealand,Rachin Ravindra,108,94,170,15,1,114.89,c Saud Shakeel b Mohammad Wasim,4692
New Zealand,Kane Williamson,95,79,111,10,2,120.25,c Fakhar Zaman b Iftikhar Ahmed,4692
New Zealand,Daryl Mitchell,29,18,32,4,1,161.11, b Haris Rauf,4692
New Zealand,Mark Chapman,39,27,42,7,0,144.44, b Mohammad Wasim,4692
New Zealand,Glenn Phillips,41,25,40,4,2,164.00, b Mohammad Wasim,4692
New Zealand,Mitchell Santner,26,17,27,0,2,152.94,null,4692
New Zealand,Tom Latham,2,2,4,0,0,100.00,null,4692
Pakistan,Abdullah Shafique,4,9,8,1,0,44.44,c Williamson b Southee,4692
Pakistan,Fakhar Zaman,126,81,103,8,11,155.55,null,4692
Pakistan,Babar Azam,66,63,93,6,2,104.76,null,4692
Netherlands,Wesley Barresi,1,4,3,0,0,25.00,lbw b Mujeeb Ur Rahman,4691
Netherlands,Max O'Dowd,42,40,50,9,0,105.00,run out (Azmatullah Omarzai),4691
Netherlands,Colin Ackermann,29,35,71,4,0,82.85,run out (Rashid Khan/†Ikram Alikhil),4691
Netherlands,Sybrand Engelbrecht,58,86,85,6,0,67.44,run out (Mohammad Nabi/†Ikram Alikhil),4691
Netherlands,Scott Edwards,0,1,1,0,0,0.00,run out (†Ikram Alikhil),4691
Netherlands,Bas de Leede,3,6,5,0,0,50.00,c †Ikram Alikhil b Mohammad Nabi,4691
Netherlands,Saqib Zulfiqar,3,15,19,0,0,20.00,c †Ikram Alikhil b Noor Ahmad,4691
Netherlands,Logan van Beek,2,13,16,0,0,15.38,st †Ikram Alikhil b Mohammad Nabi,4691
Netherlands,Roelof van der Merwe,11,33,36,0,0,33.33,c Ibrahim Zadran b Noor Ahmad,4691
Netherlands,Aryan Dutt,10,22,42,0,0,45.45,null,4691
Netherlands,Paul van Meekeren,4,24,18,0,0,16.66,lbw b Mohammad Nabi,4691
Afghanistan,Rahmanullah Gurbaz,10,11,24,2,0,90.90,c †Edwards b van Beek,4691
Afghanistan,Ibrahim Zadran,20,34,44,2,0,58.82, b van der Merwe,4691
Afghanistan,Rahmat Shah,52,54,74,8,0,96.29,c & b Saqib Zulfiqar,4691
Afghanistan,Hashmatullah Shahidi,56,64,92,6,0,87.50,null,4691
Afghanistan,Azmatullah Omarzai,31,28,38,3,0,110.71,null,4691
India,Rohit Sharma,4,2,2,1,0,200.00, b Madushanka,4690
India,Shubman Gill,92,92,136,11,2,100.00,c †Mendis b Madushanka,4690
India,Virat Kohli,88,94,139,11,0,93.61,c Nissanka b Madushanka,4690
India,Shreyas Iyer,82,56,84,3,6,146.42,c Theekshana b Madushanka,4690
India,KL Rahul,21,19,34,2,0,110.52,c Hemantha b Chameera,4690
India,Suryakumar Yadav,12,9,13,2,0,133.33,c †Mendis b Madushanka,4690
India,Ravindra Jadeja,35,24,41,1,1,145.83,run out (Samarawickrama/†Mendis),4690
India,Mohammed Shami,2,4,11,0,0,50.00,run out (†Mendis),4690
India,Jasprit Bumrah,1,1,1,0,0,100.00,null,4690
Sri Lanka,Pathum Nissanka,0,1,2,0,0,0.00,lbw b Bumrah,4690
Sri Lanka,Dimuth Karunaratne,0,1,10,0,0,0.00,lbw b Mohammed Siraj,4690
Sri Lanka,Kusal Mendis,1,10,21,0,0,10.00, b Mohammed Siraj,4690
Sri Lanka,Sadeera Samarawickrama,0,4,4,0,0,0.00,c Iyer b Mohammed Siraj,4690
Sri Lanka,Charith Asalanka,1,24,42,0,0,4.16,c Jadeja b Mohammed Shami,4690
Sri Lanka,Angelo Mathews,12,25,55,1,0,48.00, b Mohammed Shami,4690
Sri Lanka,Dushan Hemantha,0,1,1,0,0,0.00,c †Rahul b Mohammed Shami,4690
Sri Lanka,Dushmantha Chameera,0,6,10,0,0,0.00,c †Rahul b Mohammed Shami,4690
Sri Lanka,Maheesh Theekshana,12,23,37,2,0,52.17,null,4690
Sri Lanka,Kasun Rajitha,14,17,20,2,0,82.35,c Shubman Gill b Mohammed Shami,4690
Sri Lanka,Dilshan Madushanka,5,6,4,1,0,83.33,c Iyer b Jadeja,4690
South Africa,Quinton de Kock,114,116,176,10,3,98.27,c Phillips b Southee,4689
South Africa,Temba Bavuma,24,28,37,4,1,85.71,c Mitchell b Boult,4689
South Africa,Rassie van der Dussen,133,118,172,9,5,112.71, b Southee,4689
South Africa,David Miller,53,30,48,2,4,176.66,c Mitchell b Neesham,4689
South Africa,Heinrich Klaasen,15,7,13,1,1,214.28,null,4689
South Africa,Aiden Markram,6,1,1,0,1,600.00,null,4689
New Zealand,Devon Conway,2,6,13,0,0,33.33,c Markram b Jansen,4689
New Zealand,Will Young,33,37,50,5,0,89.18,c †de Kock b Coetzee,4689
New Zealand,Rachin Ravindra,9,16,28,1,0,56.25,c Coetzee b Jansen,4689
New Zealand,Daryl Mitchell,24,30,40,4,0,80.00,c Miller b Maharaj,4689
New Zealand,Tom Latham,4,15,18,0,0,26.66,c Maharaj b Rabada,4689
New Zealand,Glenn Phillips,60,50,87,4,4,120.00,c Rabada b Coetzee,4689
New Zealand,Mitchell Santner,7,18,14,1,0,38.88, b Maharaj,4689
New Zealand,Tim Southee,7,11,11,1,0,63.63,lbw b Jansen,4689
New Zealand,James Neesham,0,8,6,0,0,0.00, b Maharaj,4689
New Zealand,Trent Boult,9,14,17,1,0,64.28,c Miller b Maharaj,4689
New Zealand,Matt Henry,0,9,20,0,0,0.00,null,4689
Bangladesh,Tanzid Hasan,0,5,7,0,0,0.00,lbw b Shaheen Shah Afridi,4688
Bangladesh,Litton Das,45,64,100,6,0,70.31,c Agha Salman b Iftikhar Ahmed,4688
Bangladesh,Najmul Hossain Shanto,4,3,8,1,0,133.33,c Usama Mir b Shaheen Shah Afridi,4688
Bangladesh,Mushfiqur Rahim,5,8,18,1,0,62.50,c †Mohammad Rizwan b Haris Rauf,4688
Bangladesh,Mahmudullah,56,70,108,6,1,80.00, b Shaheen Shah Afridi,4688
Bangladesh,Shakib Al Hasan,43,64,82,4,0,67.18,c Agha Salman b Haris Rauf,4688
Bangladesh,Towhid Hridoy,7,3,9,0,1,233.33,c Iftikhar Ahmed b Usama Mir,4688
Bangladesh,Mehidy Hasan Miraz,25,30,50,1,1,83.33, b Mohammad Wasim,4688
Bangladesh,Taskin Ahmed,6,13,20,0,0,46.15, b Mohammad Wasim,4688
Bangladesh,Mustafizur Rahman,3,7,11,0,0,42.85, b Mohammad Wasim,4688
Bangladesh,Shoriful Islam,1,4,8,0,0,25.00,null,4688
Pakistan,Abdullah Shafique,68,69,94,9,2,98.55,lbw b Mehidy Hasan Miraz,4688
Pakistan,Fakhar Zaman,81,74,126,3,7,109.45,c Towhid Hridoy b Mehidy Hasan Miraz,4688
Pakistan,Babar Azam,9,16,20,1,0,56.25,c Mahmudullah b Mehidy Hasan Miraz,4688
Pakistan,Mohammad Rizwan,26,21,27,4,0,123.80,null,4688
Pakistan,Iftikhar Ahmed,17,15,17,2,0,113.33,null,4688
Sri Lanka,Pathum Nissanka,46,60,82,5,0,76.66,c †Rahmanullah Gurbaz b Azmatullah Omarzai,4687
Sri Lanka,Dimuth Karunaratne,15,21,25,1,0,71.42,lbw b Fazalhaq Farooqi,4687
Sri Lanka,Kusal Mendis,39,50,91,3,0,78.00,c sub (Najibullah Zadran) b Mujeeb Ur Rahman,4687
Sri Lanka,Sadeera Samarawickrama,36,40,42,3,0,90.00,lbw b Mujeeb Ur Rahman,4687
Sri Lanka,Charith Asalanka,22,28,48,2,0,78.57,c Rashid Khan b Fazalhaq Farooqi,4687
Sri Lanka,Dhananjaya de Silva,14,26,24,1,0,53.84, b Rashid Khan,4687
Sri Lanka,Angelo Mathews,23,26,61,1,1,88.46,c Mohammad Nabi b Fazalhaq Farooqi,4687
Sri Lanka,Dushmantha Chameera,1,4,5,0,0,25.00,run out (Ibrahim Zadran),4687
Sri Lanka,Maheesh Theekshana,29,31,31,3,1,93.54, b Fazalhaq Farooqi,4687
Sri Lanka,Kasun Rajitha,5,7,14,0,0,71.42,run out (†Rahmanullah Gurbaz),4687
Sri Lanka,Dilshan Madushanka,0,4,5,0,0,0.00,null,4687
Afghanistan,Rahmanullah Gurbaz,0,4,2,0,0,0.00, b Madushanka,4687
Afghanistan,Ibrahim Zadran,39,57,73,4,1,68.42,c Karunaratne b Madushanka,4687
Afghanistan,Rahmat Shah,62,74,121,7,0,83.78,c Karunaratne b Rajitha,4687
Afghanistan,Hashmatullah Shahidi,58,74,132,2,1,78.37,null,4687
Afghanistan,Azmatullah Omarzai,73,63,80,6,3,115.87,null,4687
India,Rohit Sharma,87,101,162,10,3,86.13,c Livingstone b Rashid,4686
India,Shubman Gill,9,13,18,1,0,69.23, b Woakes,4686
India,Virat Kohli,0,9,12,0,0,0.00,c Stokes b Willey,4686
India,Shreyas Iyer,4,16,21,0,0,25.00,c Wood b Woakes,4686
India,KL Rahul,39,58,77,3,0,67.24,c Bairstow b Willey,4686
India,Suryakumar Yadav,49,47,75,4,1,104.25,c Woakes b Willey,4686
India,Ravindra Jadeja,8,13,14,0,0,61.53,lbw b Rashid,4686
India,Mohammed Shami,1,5,4,0,0,20.00,c †Buttler b Wood,4686
India,Jasprit Bumrah,16,25,44,1,0,64.00,run out (†Buttler),4686
India,Kuldeep Yadav,9,13,18,1,0,69.23,null,4686
England,Jonny Bairstow,14,23,53,2,0,60.86, b Mohammed Shami,4686
England,Dawid Malan,16,17,25,2,1,94.11, b Bumrah,4686
England,Joe Root,0,1,2,0,0,0.00,lbw b Bumrah,4686
England,Ben Stokes,0,10,14,0,0,0.00, b Mohammed Shami,4686
England,Jos Buttler,10,23,33,1,0,43.47, b Kuldeep Yadav,4686
England,Moeen Ali,15,31,55,0,0,48.38,c †Rahul b Mohammed Shami,4686
England,Liam Livingstone,27,46,56,2,0,58.69,lbw b Kuldeep Yadav,4686
England,Chris Woakes,10,20,21,1,0,50.00,st †Rahul b Jadeja,4686
England,David Willey,16,17,29,0,2,94.11,null,4686
England,Adil Rashid,13,20,19,2,0,65.00, b Mohammed Shami,4686
England,Mark Wood,0,1,3,0,0,0.00, b Bumrah,4686
Netherlands,Vikramjit Singh,3,9,7,0,0,33.33,c Shakib Al Hasan b Taskin Ahmed,4685
Netherlands,Max O'Dowd,0,3,11,0,0,0.00,c Tanzid Hasan b Shoriful Islam,4685
Netherlands,Wesley Barresi,41,41,49,8,0,100.00,c Shakib Al Hasan b Mustafizur Rahman,4685
Netherlands,Colin Ackermann,15,33,50,1,0,45.45,c Mustafizur Rahman b Shakib Al Hasan,4685
Netherlands,Scott Edwards,68,89,122,6,0,76.40,c Mehidy Hasan Miraz b Mustafizur Rahman,4685
Netherlands,Bas de Leede,17,32,49,2,0,53.12,c †Mushfiqur Rahim b Taskin Ahmed,4685
Netherlands,Sybrand Engelbrecht,35,61,72,3,0,57.37,lbw b Mahedi Hasan,4685
Netherlands,Logan van Beek,23,16,33,2,1,143.75,null,4685
Netherlands,Shariz Ahmad,6,8,13,0,0,75.00,run out (Mahmudullah/†Mushfiqur Rahim),4685
Netherlands,Aryan Dutt,9,6,7,0,1,150.00,c Mehidy Hasan Miraz b Shoriful Islam,4685
Netherlands,Paul van Meekeren,0,2,6,0,0,0.00,lbw b Mahedi Hasan,4685
Bangladesh,Litton Das,3,12,20,0,0,25.00,c †Edwards b Dutt,4685
Bangladesh,Tanzid Hasan,15,16,25,3,0,93.75,c †Edwards b van Beek,4685
Bangladesh,Mehidy Hasan Miraz,35,40,51,5,1,87.50,c †Edwards b de Leede,4685
Bangladesh,Najmul Hossain Shanto,9,18,27,2,0,50.00,c van Beek b van Meekeren,4685
Bangladesh,Shakib Al Hasan,5,14,14,0,0,35.71,c †Edwards b van Meekeren,4685
Bangladesh,Mushfiqur Rahim,1,5,9,0,0,20.00, b van Meekeren,4685
Bangladesh,Mahmudullah,20,41,70,2,0,48.78,c Dutt b de Leede,4685
Bangladesh,Mahedi Hasan,17,38,51,1,0,44.73,run out (de Leede),4685
Bangladesh,Taskin Ahmed,11,35,49,1,0,31.42,c de Leede b van Meekeren,4685
Bangladesh,Mustafizur Rahman,20,35,34,2,1,57.14, b Ackermann,4685
Bangladesh,Shoriful Islam,0,0,1,0,0,-,null,4685
Australia,David Warner,81,65,77,5,6,124.61,c & b Phillips,4684
Australia,Travis Head,109,67,94,10,7,162.68, b Phillips,4684
Australia,Mitchell Marsh,36,51,65,2,0,70.58, b Santner,4684
Australia,Steven Smith,18,17,19,2,0,105.88,c Boult b Phillips,4684
Australia,Marnus Labuschagne,18,26,36,2,0,69.23,c Ravindra b Santner,4684
Australia,Glenn Maxwell,41,24,37,5,2,170.83,c Boult b Neesham,4684
Australia,Josh Inglis,38,28,48,4,1,135.71,c Phillips b Boult,4684
Australia,Pat Cummins,37,14,23,2,4,264.28,lbw b Boult,4684
Australia,Mitchell Starc,1,3,7,0,0,33.33,c Neesham b Henry,4684
Australia,Adam Zampa,0,3,2,0,0,0.00, b Boult,4684
Australia,Josh Hazlewood,0,0,1,0,0,-,null,4684
New Zealand,Devon Conway,28,17,35,6,0,164.70,c Starc b Hazlewood,4684
New Zealand,Will Young,32,37,44,4,1,86.48,c Starc b Hazlewood,4684
New Zealand,Rachin Ravindra,116,89,137,9,5,130.33,c Labuschagne b Cummins,4684
New Zealand,Daryl Mitchell,54,51,59,6,1,105.88,c Starc b Zampa,4684
New Zealand,Tom Latham,21,22,29,2,0,95.45,c Hazlewood b Zampa,4684
New Zealand,Glenn Phillips,12,16,21,1,0,75.00,c Labuschagne b Maxwell,4684
New Zealand,James Neesham,58,39,64,3,3,148.71,run out (Labuschagne/†Inglis),4684
New Zealand,Mitchell Santner,17,12,13,1,1,141.66,c Maxwell b Zampa,4684
New Zealand,Matt Henry,9,8,14,1,0,112.50,c Hazlewood b Cummins,4684
New Zealand,Trent Boult,10,8,21,0,1,125.00,null,4684
New Zealand,Lockie Ferguson,0,1,1,0,0,0.00,null,4684
Pakistan,Abdullah Shafique,9,17,21,1,0,52.94,c Ngidi b Jansen,4683
Pakistan,Imam-ul-Haq,12,18,35,2,0,66.66,c Klaasen b Jansen,4683
Pakistan,Babar Azam,50,65,100,4,1,76.92,c †de Kock b Shamsi,4683
Pakistan,Mohammad Rizwan,31,27,35,4,1,114.81,c †de Kock b Coetzee,4683
Pakistan,Iftikhar Ahmed,21,31,38,1,1,67.74,c Klaasen b Shamsi,4683
Pakistan,Saud Shakeel,52,52,81,7,0,100.00,c †de Kock b Shamsi,4683
Pakistan,Shadab Khan,43,36,53,3,2,119.44,c Maharaj b Coetzee,4683
Pakistan,Mohammad Nawaz,24,24,32,1,2,100.00,c Miller b Jansen,4683
Pakistan,Shaheen Shah Afridi,2,4,10,0,0,50.00,c Maharaj b Shamsi,4683
Pakistan,Mohammad Wasim,7,9,13,0,1,77.77,c †de Kock b Ngidi,4683
Pakistan,Haris Rauf,0,1,5,0,0,0.00,null,4683
South Africa,Temba Bavuma,28,27,49,4,1,103.70,c Saud Shakeel b Mohammad Wasim,4683
South Africa,Quinton de Kock,24,14,19,5,0,171.42,c Mohammad Wasim b Shaheen Shah Afridi,4683
South Africa,Rassie van der Dussen,21,39,71,0,0,53.84,lbw b Usama Mir,4683
South Africa,Aiden Markram,91,93,151,7,3,97.84,c Babar Azam b Usama Mir,4683
South Africa,Heinrich Klaasen,12,10,12,0,1,120.00,c Usama Mir b Mohammad Wasim,4683
South Africa,David Miller,29,33,55,2,2,87.87,c †Mohammad Rizwan b Shaheen Shah Afridi,4683
South Africa,Marco Jansen,20,14,18,2,1,142.85,c Babar Azam b Haris Rauf,4683
South Africa,Gerald Coetzee,10,13,23,0,0,76.92,c †Mohammad Rizwan b Shaheen Shah Afridi,4683
South Africa,Keshav Maharaj,7,21,44,1,0,33.33,null,4683
South Africa,Lungi Ngidi,4,14,24,0,0,28.57,c & b Haris Rauf,4683
South Africa,Tabraiz Shamsi,4,6,14,0,0,66.66,null,4683
England,Jonny Bairstow,30,31,64,3,0,96.77,c de Silva b Rajitha,4682
England,Dawid Malan,28,25,32,6,0,112.00,c †Mendis b Mathews,4682
England,Joe Root,3,10,14,0,0,30.00,run out (Mathews/†Mendis),4682
England,Ben Stokes,43,73,98,6,0,58.90,c sub (MADI Hemantha) b Kumara,4682
England,Jos Buttler,8,6,6,1,0,133.33,c †Mendis b Kumara,4682
England,Liam Livingstone,1,6,9,0,0,16.66,lbw b Kumara,4682
England,Moeen Ali,15,15,33,1,0,100.00,c Perera b Mathews,4682
England,Chris Woakes,0,4,8,0,0,0.00,c Samarawickrama b Rajitha,4682
England,David Willey,14,17,34,1,1,82.35,null,4682
England,Adil Rashid,2,7,7,0,0,28.57,run out (†Mendis),4682
England,Mark Wood,5,6,6,1,0,83.33,st †Mendis b Theekshana,4682
Sri Lanka,Pathum Nissanka,77,83,110,7,2,92.77,null,4682
Sri Lanka,Kusal Perera,4,5,8,1,0,80.00,c Stokes b Willey,4682
Sri Lanka,Kusal Mendis,11,12,15,2,0,91.66,c †Buttler b Willey,4682
Sri Lanka,Sadeera Samarawickrama,65,54,84,7,1,120.37,null,4682
Australia,Mitchell Marsh,9,15,15,2,0,60.00,c Ackermann b van Beek,4681
Australia,David Warner,104,93,182,11,3,111.82,c Dutt b van Beek,4681
Australia,Steven Smith,71,68,88,9,1,104.41,c van der Merwe b Dutt,4681
Australia,Marnus Labuschagne,62,47,60,7,2,131.91,c Dutt b de Leede,4681
Australia,Josh Inglis,14,12,12,1,1,116.66,c Engelbrecht b de Leede,4681
Australia,Glenn Maxwell,106,44,53,9,8,240.90,c Engelbrecht b van Beek,4681
Australia,Cameron Green,8,11,15,1,0,72.72,run out (Engelbrecht),4681
Australia,Pat Cummins,12,9,39,2,0,133.33,null,4681
Australia,Mitchell Starc,0,1,1,0,0,0.00,c Ackermann b van Beek,4681
Australia,Adam Zampa,1,1,2,0,0,100.00,null,4681
Netherlands,Vikramjit Singh,25,25,28,6,0,100.00,run out (Maxwell),4681
Netherlands,Max O'Dowd,6,9,21,1,0,66.66, b Starc,4681
Netherlands,Colin Ackermann,10,11,21,2,0,90.90,lbw b Hazlewood,4681
Netherlands,Sybrand Engelbrecht,11,21,36,1,0,52.38,c Warner b Marsh,4681
Netherlands,Bas de Leede,4,7,7,1,0,57.14,lbw b Cummins,4681
Netherlands,Scott Edwards,12,22,53,0,0,54.54,null,4681
Netherlands,Teja Nidamanuru,14,18,19,2,0,77.77,c †Inglis b Marsh,4681
Netherlands,Logan van Beek,0,3,3,0,0,0.00,c †Inglis b Zampa,4681
Netherlands,Roelof van der Merwe,0,1,1,0,0,0.00,lbw b Zampa,4681
Netherlands,Aryan Dutt,1,8,9,0,0,12.50,lbw b Zampa,4681
Netherlands,Paul van Meekeren,0,1,2,0,0,0.00,st †Inglis b Zampa,4681
South Africa,Quinton de Kock,174,140,192,15,7,124.28,c Nasum Ahmed b Hasan Mahmud,4680
South Africa,Reeza Hendricks,12,19,24,1,0,63.15, b Shoriful Islam,4680
South Africa,Rassie van der Dussen,1,7,6,0,0,14.28,lbw b Mehidy Hasan Miraz,4680
South Africa,Aiden Markram,60,69,84,7,0,86.95,c Litton Das b Shakib Al Hasan,4680
South Africa,Heinrich Klaasen,90,49,94,2,8,183.67,c Mahmudullah b Hasan Mahmud,4680
South Africa,David Miller,34,15,26,1,4,226.66,null,4680
South Africa,Marco Jansen,1,1,3,0,0,100.00,null,4680
Bangladesh,Tanzid Hasan,12,17,30,1,0,70.58,c †Klaasen b Jansen,4680
Bangladesh,Litton Das,22,44,78,3,1,50.00,lbw b Rabada,4680
Bangladesh,Najmul Hossain Shanto,0,1,1,0,0,0.00,c †Klaasen b Jansen,4680
Bangladesh,Shakib Al Hasan,1,4,4,0,0,25.00,c †Klaasen b Williams,4680
Bangladesh,Mushfiqur Rahim,8,17,24,1,0,47.05,c sub (AL Phehlukwayo) b Coetzee,4680
Bangladesh,Mahmudullah,111,111,150,11,4,100.00,c Jansen b Coetzee,4680
Bangladesh,Mehidy Hasan Miraz,11,19,26,1,0,57.89,c sub (AL Phehlukwayo) b Maharaj,4680
Bangladesh,Nasum Ahmed,19,19,27,3,0,100.00,c & b Coetzee,4680
Bangladesh,Hasan Mahmud,15,25,32,2,0,60.00,c Coetzee b Rabada,4680
Bangladesh,Mustafizur Rahman,11,21,51,2,0,52.38,c Miller b Williams,4680
Bangladesh,Shoriful Islam,6,4,4,1,0,150.00,null,4680
Pakistan,Abdullah Shafique,58,75,89,5,2,77.33,lbw b Noor Ahmad,4679
Pakistan,Imam-ul-Haq,17,22,44,2,0,77.27,c Naveen-ul-Haq b Azmatullah Omarzai,4679
Pakistan,Babar Azam,74,92,121,4,1,80.43,c Mohammad Nabi b Noor Ahmad,4679
Pakistan,Mohammad Rizwan,8,10,8,0,1,80.00,c Mujeeb Ur Rahman b Noor Ahmad,4679
Pakistan,Saud Shakeel,25,34,35,3,0,73.52,c Rashid Khan b Mohammad Nabi,4679
Pakistan,Shadab Khan,40,38,75,1,1,105.26,c Mohammad Nabi b Naveen-ul-Haq,4679
Pakistan,Iftikhar Ahmed,40,27,40,2,4,148.14,c Azmatullah Omarzai b Naveen-ul-Haq,4679
Pakistan,Shaheen Shah Afridi,3,3,4,0,0,100.00,null,4679
Afghanistan,Rahmanullah Gurbaz,65,53,91,9,1,122.64,c Usama Mir b Shaheen Shah Afridi,4679
Afghanistan,Ibrahim Zadran,87,113,146,10,0,76.99,c †Mohammad Rizwan b Hasan Ali,4679
Afghanistan,Rahmat Shah,77,84,129,5,2,91.66,null,4679
Afghanistan,Hashmatullah Shahidi,48,45,74,4,0,106.66,null,4679
New Zealand,Devon Conway,0,9,16,0,0,0.00,c Iyer b Mohammed Siraj,4678
New Zealand,Will Young,17,27,41,3,0,62.96, b Mohammed Shami,4678
New Zealand,Rachin Ravindra,75,87,133,6,1,86.20,c Shubman Gill b Mohammed Shami,4678
New Zealand,Daryl Mitchell,130,127,192,9,5,102.36,c Kohli b Mohammed Shami,4678
New Zealand,Tom Latham,5,7,16,1,0,71.42,lbw b Kuldeep Yadav,4678
New Zealand,Glenn Phillips,23,26,36,0,1,88.46,c Sharma b Kuldeep Yadav,4678
New Zealand,Mark Chapman,6,8,11,0,0,75.00,c Kohli b Bumrah,4678
New Zealand,Mitchell Santner,1,2,3,0,0,50.00, b Mohammed Shami,4678
New Zealand,Matt Henry,0,1,1,0,0,0.00, b Mohammed Shami,4678
New Zealand,Lockie Ferguson,1,5,12,0,0,20.00,run out (†Rahul),4678
New Zealand,Trent Boult,0,1,1,0,0,0.00,null,4678
India,Rohit Sharma,46,40,44,4,4,115.00, b Ferguson,4678
India,Shubman Gill,26,31,53,5,0,83.87,c Mitchell b Ferguson,4678
India,Virat Kohli,95,104,154,8,2,91.34,c Phillips b Henry,4678
India,Shreyas Iyer,33,29,32,6,0,113.79,c Conway b Boult,4678
India,KL Rahul,27,35,43,3,0,77.14,lbw b Santner,4678
India,Suryakumar Yadav,2,4,8,0,0,50.00,run out (Santner/Boult/†Latham),4678
India,Ravindra Jadeja,39,44,63,3,1,88.63,null,4678
India,Mohammed Shami,1,1,2,0,0,100.00,null,4678
South Africa,Quinton de Kock,4,2,3,1,0,200.00,c †Buttler b Topley,4677
South Africa,Reeza Hendricks,85,75,111,9,3,113.33, b Rashid,4677
South Africa,Rassie van der Dussen,60,61,86,8,0,98.36,c Bairstow b Rashid,4677
South Africa,Aiden Markram,42,44,63,4,0,95.45,c Bairstow b Topley,4677
South Africa,Heinrich Klaasen,109,67,119,12,4,162.68, b Atkinson,4677
South Africa,David Miller,5,6,7,1,0,83.33,c Stokes b Topley,4677
South Africa,Marco Jansen,75,42,72,3,6,178.57,null,4677
South Africa,Gerald Coetzee,3,3,2,0,0,100.00,c sub (LS Livingstone) b Atkinson,4677
South Africa,Keshav Maharaj,1,1,1,0,0,100.00,null,4677
England,Jonny Bairstow,10,12,13,1,1,83.33,c van der Dussen b Ngidi,4677
England,Dawid Malan,6,11,30,1,0,54.54,c †de Kock b Jansen,4677
England,Joe Root,2,6,9,0,0,33.33,c Miller b Jansen,4677
England,Ben Stokes,5,8,20,1,0,62.50,c & b Rabada,4677
England,Harry Brook,17,25,33,2,1,68.00,lbw b Coetzee,4677
England,Jos Buttler,15,7,14,2,1,214.28,c †de Kock b Coetzee,4677
England,David Willey,12,12,24,1,1,100.00,c Rabada b Ngidi,4677
England,Adil Rashid,10,14,14,1,0,71.42,c Hendricks b Coetzee,4677
England,Gus Atkinson,35,21,31,7,0,166.66, b Maharaj,4677
England,Mark Wood,43,17,25,2,5,252.94,null,4677
England,Reece Topley,-,-,-,-,-,-,null,4677
Netherlands,Vikramjit Singh,4,13,17,1,0,30.76,lbw b Rajitha,4676
Netherlands,Max O'Dowd,16,27,50,1,1,59.25, b Rajitha,4676
Netherlands,Colin Ackermann,29,31,42,5,0,93.54,c †Mendis b Rajitha,4676
Netherlands,Bas de Leede,6,21,33,0,0,28.57,c Perera b Madushanka,4676
Netherlands,Teja Nidamanuru,9,16,32,0,0,56.25,lbw b Madushanka,4676
Netherlands,Scott Edwards,16,16,22,0,0,100.00, b Theekshana,4676
Netherlands,Sybrand Engelbrecht,70,82,100,4,1,85.36, b Madushanka,4676
Netherlands,Logan van Beek,59,75,108,1,1,78.66,c Asalanka b Rajitha,4676
Netherlands,Roelof van der Merwe,7,7,12,0,0,100.00,c †Mendis b Madushanka,4676
Netherlands,Aryan Dutt,9,6,14,1,0,150.00,null,4676
Netherlands,Paul van Meekeren,4,5,6,0,0,80.00,run out (†Mendis/Madushanka),4676
Sri Lanka,Pathum Nissanka,54,52,69,9,0,103.84,c †Edwards b van Meekeren,4676
Sri Lanka,Kusal Perera,5,8,17,1,0,62.50,c de Leede b Dutt,4676
Sri Lanka,Kusal Mendis,11,17,22,2,0,64.70,c van Meekeren b Dutt,4676
Sri Lanka,Sadeera Samarawickrama,91,107,168,7,0,85.04,null,4676
Sri Lanka,Charith Asalanka,44,66,70,2,1,66.66, b Dutt,4676
Sri Lanka,Dhananjaya de Silva,30,37,57,1,2,81.08, b Ackermann,4676
Sri Lanka,Dushan Hemantha,4,3,7,1,0,133.33,null,4676
Australia,David Warner,163,124,180,14,9,131.45,c sub (Shadab Khan) b Haris Rauf,4675
Australia,Mitchell Marsh,121,108,139,10,9,112.03,c Usama Mir b Shaheen Shah Afridi,4675
Australia,Glenn Maxwell,0,1,1,0,0,0.00,c Babar Azam b Shaheen Shah Afridi,4675
Australia,Steven Smith,7,9,17,0,0,77.77,c & b Usama Mir,4675
Australia,Marcus Stoinis,21,24,46,1,1,87.50,lbw b Shaheen Shah Afridi,4675
Australia,Josh Inglis,13,9,10,3,0,144.44,c †Mohammad Rizwan b Haris Rauf,4675
Australia,Marnus Labuschagne,8,12,23,1,0,66.66,c sub (Shadab Khan) b Haris Rauf,4675
Australia,Pat Cummins,6,8,17,0,0,75.00,null,4675
Australia,Mitchell Starc,2,3,3,0,0,66.66,c Saud Shakeel b Shaheen Shah Afridi,4675
Australia,Josh Hazlewood,0,1,1,0,0,0.00,c †Mohammad Rizwan b Shaheen Shah Afridi,4675
Australia,Adam Zampa,1,1,4,0,0,100.00,null,4675
Pakistan,Abdullah Shafique,64,61,93,7,2,104.91,c Maxwell b Stoinis,4675
Pakistan,Imam-ul-Haq,70,71,107,10,0,98.59,c Starc b Stoinis,4675
Pakistan,Babar Azam,18,14,27,3,0,128.57,c Cummins b Zampa,4675
Pakistan,Mohammad Rizwan,46,40,84,5,0,115.00,lbw b Zampa,4675
Pakistan,Saud Shakeel,30,31,37,5,0,96.77,c Stoinis b Cummins,4675
Pakistan,Iftikhar Ahmed,26,20,22,0,3,130.00,lbw b Zampa,4675
Pakistan,Mohammad Nawaz,14,16,19,0,1,87.50,st †Inglis b Zampa,4675
Pakistan,Usama Mir,0,3,4,0,0,0.00,c Starc b Hazlewood,4675
Pakistan,Shaheen Shah Afridi,10,8,17,2,0,125.00,c Labuschagne b Cummins,4675
Pakistan,Hasan Ali,8,8,7,2,0,100.00,c †Inglis b Starc,4675
Pakistan,Haris Rauf,0,1,3,0,0,0.00,null,4675
Bangladesh,Tanzid Hasan,51,43,75,5,3,118.60,lbw b Kuldeep Yadav,4674
Bangladesh,Litton Das,66,82,124,7,0,80.48,c Shubman Gill b Jadeja,4674
Bangladesh,Najmul Hossain Shanto,8,17,18,0,0,47.05,lbw b Jadeja,4674
Bangladesh,Mehidy Hasan Miraz,3,13,15,0,0,23.07,c †Rahul b Mohammed Siraj,4674
Bangladesh,Towhid Hridoy,16,35,54,0,0,45.71,c Shubman Gill b Thakur,4674
Bangladesh,Mushfiqur Rahim,38,46,60,1,1,82.60,c Jadeja b Bumrah,4674
Bangladesh,Mahmudullah,46,36,60,3,3,127.77, b Bumrah,4674
Bangladesh,Nasum Ahmed,14,18,21,2,0,77.77,c †Rahul b Mohammed Siraj,4674
Bangladesh,Mustafizur Rahman,1,7,19,0,0,14.28,null,4674
Bangladesh,Shoriful Islam,7,3,2,0,1,233.33,null,4674
India,Rohit Sharma,48,40,51,7,2,120.00,c Towhid Hridoy b Hasan Mahmud,4674
India,Shubman Gill,53,55,80,5,2,96.36,c Mahmudullah b Mehidy Hasan Miraz,4674
India,Virat Kohli,103,97,113,6,4,106.18,null,4674
India,Shreyas Iyer,19,25,38,2,0,76.00,c Mahmudullah b Mehidy Hasan Miraz,4674
India,KL Rahul,34,34,44,3,1,100.00,null,4674
New Zealand,Devon Conway,20,18,27,3,0,111.11,lbw b Mujeeb Ur Rahman,4673
New Zealand,Will Young,54,64,98,4,3,84.37,c †Ikram Alikhil b Azmatullah Omarzai,4673
New Zealand,Rachin Ravindra,32,41,64,2,1,78.04, b Azmatullah Omarzai,4673
New Zealand,Daryl Mitchell,1,7,6,0,0,14.28,c Ibrahim Zadran b Rashid Khan,4673
New Zealand,Tom Latham,68,74,114,3,2,91.89, b Naveen-ul-Haq,4673
New Zealand,Glenn Phillips,71,80,109,4,4,88.75,c Rashid Khan b Naveen-ul-Haq,4673
New Zealand,Mark Chapman,25,12,15,2,1,208.33,null,4673
New Zealand,Mitchell Santner,7,5,13,1,0,140.00,null,4673
Afghanistan,Rahmanullah Gurbaz,11,21,24,0,1,52.38, b Henry,4673
Afghanistan,Ibrahim Zadran,14,15,27,2,0,93.33,c Santner b Boult,4673
Afghanistan,Rahmat Shah,36,62,86,1,0,58.06,c & b Ravindra,4673
Afghanistan,Hashmatullah Shahidi,8,29,30,1,0,27.58,c Santner b Ferguson,4673
Afghanistan,Azmatullah Omarzai,27,32,39,2,0,84.37,c †Latham b Boult,4673
Afghanistan,Ikram Alikhil,19,21,42,3,0,90.47,null,4673
Afghanistan,Mohammad Nabi,7,9,10,1,0,77.77, b Santner,4673
Afghanistan,Rashid Khan,8,13,10,0,1,61.53,c Mitchell b Ferguson,4673
Afghanistan,Mujeeb Ur Rahman,4,3,2,1,0,133.33,c Young b Ferguson,4673
Afghanistan,Naveen-ul-Haq,0,1,1,0,0,0.00,c Chapman b Santner,4673
Afghanistan,Fazalhaq Farooqi,0,2,1,0,0,0.00,c Mitchell b Santner,4673
Netherlands,Vikramjit Singh,2,16,28,0,0,12.50,c Klaasen b Rabada,4672
Netherlands,Max O'Dowd,18,25,33,4,0,72.00,c †de Kock b Jansen,4672
Netherlands,Colin Ackermann,12,25,40,1,0,48.00, b Coetzee,4672
Netherlands,Bas de Leede,2,7,16,0,0,28.57,lbw b Rabada,4672
Netherlands,Sybrand Engelbrecht,19,37,41,1,1,51.35,c Jansen b Ngidi,4672
Netherlands,Teja Nidamanuru,20,25,56,3,0,80.00,lbw b Jansen,4672
Netherlands,Scott Edwards,78,69,102,10,1,113.04,null,4672
Netherlands,Logan van Beek,10,27,22,1,0,37.03,st †de Kock b Maharaj,4672
Netherlands,Roelof van der Merwe,29,19,30,3,1,152.63,c †de Kock b Ngidi,4672
Netherlands,Aryan Dutt,23,9,14,0,3,255.55,null,4672
South Africa,Temba Bavuma,16,31,35,2,1,51.61, b van der Merwe,4672
South Africa,Quinton de Kock,20,22,28,3,0,90.90,c †Edwards b Ackermann,4672
South Africa,Rassie van der Dussen,4,7,16,0,0,57.14,c Dutt b van der Merwe,4672
South Africa,Aiden Markram,1,3,4,0,0,33.33, b van Meekeren,4672
South Africa,Heinrich Klaasen,28,28,36,4,0,100.00,c Vikramjit Singh b van Beek,4672
South Africa,David Miller,43,52,81,4,1,82.69, b van Beek,4672
South Africa,Marco Jansen,9,25,22,0,0,36.00, b van Meekeren,4672
South Africa,Gerald Coetzee,22,23,33,2,1,95.65,c †Edwards b de Leede,4672
South Africa,Keshav Maharaj,40,37,54,5,1,108.10,c †Edwards b van Beek,4672
South Africa,Kagiso Rabada,9,6,9,0,1,150.00,c Engelbrecht b de Leede,4672
South Africa,Lungi Ngidi,7,24,35,0,0,29.16,null,4672
Sri Lanka,Pathum Nissanka,61,67,103,8,0,91.04,c Warner b Cummins,4671
Sri Lanka,Kusal Perera,78,82,123,12,0,95.12, b Cummins,4671
Sri Lanka,Kusal Mendis,9,13,27,0,0,69.23,c Warner b Zampa,4671
Sri Lanka,Sadeera Samarawickrama,8,8,15,1,0,100.00,lbw b Zampa,4671
Sri Lanka,Charith Asalanka,25,39,75,0,1,64.10,c Labuschagne b Maxwell,4671
Sri Lanka,Dhananjaya de Silva,7,13,13,1,0,53.84, b Starc,4671
Sri Lanka,Dunith Wellalage,2,9,9,0,0,22.22,run out (Cummins),4671
Sri Lanka,Chamika Karunaratne,2,11,12,0,0,18.18,lbw b Zampa,4671
Sri Lanka,Maheesh Theekshana,0,5,7,0,0,0.00,lbw b Zampa,4671
Sri Lanka,Lahiru Kumara,4,8,6,1,0,50.00, b Starc,4671
Sri Lanka,Dilshan Madushanka,0,6,12,0,0,0.00,null,4671
Australia,Mitchell Marsh,52,51,67,9,0,101.96,run out (Karunaratne/†Mendis),4671
Australia,David Warner,11,6,16,0,1,183.33,lbw b Madushanka,4671
Australia,Steven Smith,0,5,4,0,0,0.00,lbw b Madushanka,4671
Australia,Marnus Labuschagne,40,60,100,2,0,66.66,c Karunaratne b Madushanka,4671
Australia,Josh Inglis,58,59,75,5,1,98.30,c Theekshana b Wellalage,4671
Australia,Glenn Maxwell,31,21,30,4,2,147.61,null,4671
Australia,Marcus Stoinis,20,10,10,2,1,200.00,null,4671
Afghanistan,Rahmanullah Gurbaz,80,57,87,8,4,140.35,run out (sub [DJ Willey]/†Buttler),4670
Afghanistan,Ibrahim Zadran,28,48,73,3,0,58.33,c Root b Rashid,4670
Afghanistan,Rahmat Shah,3,8,10,0,0,37.50,st †Buttler b Rashid,4670
Afghanistan,Hashmatullah Shahidi,14,36,46,0,0,38.88, b Root,4670
Afghanistan,Azmatullah Omarzai,19,24,25,1,1,79.16,c Woakes b Livingstone,4670
Afghanistan,Ikram Alikhil,58,66,92,3,2,87.87,c Curran b Topley,4670
Afghanistan,Mohammad Nabi,9,15,14,1,0,60.00,c Root b Wood,4670
Afghanistan,Rashid Khan,23,22,37,3,0,104.54,c Root b Rashid,4670
Afghanistan,Mujeeb Ur Rahman,28,16,22,3,1,175.00,c Root b Wood,4670
Afghanistan,Naveen-ul-Haq,5,6,9,1,0,83.33,run out (†Buttler),4670
Afghanistan,Fazalhaq Farooqi,2,4,7,0,0,50.00,null,4670
England,Jonny Bairstow,2,4,5,0,0,50.00,lbw b Fazalhaq Farooqi,4670
England,Dawid Malan,32,39,61,4,0,82.05,c Ibrahim Zadran b Mohammad Nabi,4670
England,Joe Root,11,17,23,2,0,64.70, b Mujeeb Ur Rahman,4670
England,Harry Brook,66,61,123,7,1,108.19,c †Ikram Alikhil b Mujeeb Ur Rahman,4670
England,Jos Buttler,9,18,21,1,0,50.00, b Naveen-ul-Haq,4670
England,Liam Livingstone,10,14,15,1,0,71.42,lbw b Rashid Khan,4670
England,Sam Curran,10,23,22,0,0,43.47,c Rahmat Shah b Mohammad Nabi,4670
England,Chris Woakes,9,26,21,1,0,34.61, b Mujeeb Ur Rahman,4670
England,Adil Rashid,20,13,24,2,0,153.84,c Mohammad Nabi b Rashid Khan,4670
England,Mark Wood,18,22,26,3,0,81.81, b Rashid Khan,4670
England,Reece Topley,15,7,8,3,0,214.28,null,4670
Pakistan,Abdullah Shafique,20,24,39,3,0,83.33,lbw b Mohammed Siraj,4669
Pakistan,Imam-ul-Haq,36,38,64,6,0,94.73,c †Rahul b Pandya,4669
Pakistan,Babar Azam,50,58,89,7,0,86.20, b Mohammed Siraj,4669
Pakistan,Mohammad Rizwan,49,69,89,7,0,71.01, b Bumrah,4669
Pakistan,Saud Shakeel,6,10,12,0,0,60.00,lbw b Kuldeep Yadav,4669
Pakistan,Iftikhar Ahmed,4,4,2,1,0,100.00, b Kuldeep Yadav,4669
Pakistan,Shadab Khan,2,5,11,0,0,40.00, b Bumrah,4669
Pakistan,Mohammad Nawaz,4,14,25,0,0,28.57,c Bumrah b Pandya,4669
Pakistan,Hasan Ali,12,19,21,2,0,63.15,c Shubman Gill b Jadeja,4669
Pakistan,Shaheen Shah Afridi,2,10,12,0,0,20.00,null,4669
Pakistan,Haris Rauf,2,6,9,0,0,33.33,lbw b Jadeja,4669
India,Rohit Sharma,86,63,91,6,6,136.50,c Iftikhar Ahmed b Shaheen Shah Afridi,4669
India,Shubman Gill,16,11,11,4,0,145.45,c Shadab Khan b Shaheen Shah Afridi,4669
India,Virat Kohli,16,18,31,3,0,88.88,c Mohammad Nawaz b Hasan Ali,4669
India,Shreyas Iyer,53,62,80,3,2,85.48,null,4669
India,KL Rahul,19,29,33,2,0,65.51,null,4669
Bangladesh,Litton Das,0,1,1,0,0,0.00,c Henry b Boult,4668
Bangladesh,Tanzid Hasan,16,17,37,4,0,94.11,c Conway b Ferguson,4668
Bangladesh,Mehidy Hasan Miraz,30,46,52,4,0,65.21,c Henry b Ferguson,4668
Bangladesh,Najmul Hossain Shanto,7,8,20,1,0,87.50,c Conway b Phillips,4668
Bangladesh,Shakib Al Hasan,40,51,75,3,2,78.43,c †Latham b Ferguson,4668
Bangladesh,Mushfiqur Rahim,66,75,93,6,2,88.00, b Henry,4668
Bangladesh,Towhid Hridoy,13,25,30,0,0,52.00,c Santner b Boult,4668
Bangladesh,Mahmudullah,41,49,58,2,2,83.67,null,4668
Bangladesh,Taskin Ahmed,17,19,25,0,2,89.47,c Mitchell b Santner,4668
Bangladesh,Mustafizur Rahman,4,10,14,0,0,40.00,c †Latham b Henry,4668
Bangladesh,Shoriful Islam,2,3,9,0,0,66.66,null,4668
New Zealand,Devon Conway,45,59,91,3,0,76.27,lbw b Shakib Al Hasan,4668
New Zealand,Rachin Ravindra,9,13,12,2,0,69.23,c †Mushfiqur Rahim b Mustafizur Rahman,4668
New Zealand,Kane Williamson,78,107,158,8,1,72.89,null,4668
New Zealand,Daryl Mitchell,89,67,103,6,4,132.83,null,4668
New Zealand,Glenn Phillips,16,11,22,1,1,145.45,null,4668
South Africa,Quinton de Kock,109,106,147,8,5,102.83, b Maxwell,4667
South Africa,Temba Bavuma,35,55,84,2,0,63.63,c Warner b Maxwell,4667
South Africa,Rassie van der Dussen,26,30,33,2,0,86.66,c sub (SA Abbott) b Zampa,4667
South Africa,Aiden Markram,56,44,61,7,1,127.27,c Hazlewood b Cummins,4667
South Africa,Heinrich Klaasen,29,27,40,3,0,107.40,c †Inglis b Hazlewood,4667
South Africa,David Miller,17,13,35,1,1,130.76, b Starc,4667
South Africa,Marco Jansen,26,22,25,3,1,118.18,c Warner b Starc,4667
South Africa,Kagiso Rabada,0,1,4,0,0,0.00,null,4667
South Africa,Keshav Maharaj,0,2,1,0,0,0.00,null,4667
Australia,Mitchell Marsh,7,15,27,0,0,46.66,c Bavuma b Jansen,4667
Australia,David Warner,13,27,33,2,0,48.14,c van der Dussen b Ngidi,4667
Australia,Steven Smith,19,16,20,4,0,118.75,lbw b Rabada,4667
Australia,Marnus Labuschagne,46,74,125,3,0,62.16,c Bavuma b Maharaj,4667
Australia,Josh Inglis,5,4,5,1,0,125.00, b Rabada,4667
Australia,Glenn Maxwell,3,17,17,0,0,17.64,c & b Maharaj,4667
Australia,Marcus Stoinis,5,4,6,1,0,125.00,c †de Kock b Rabada,4667
Australia,Mitchell Starc,27,51,69,3,0,52.94,c †de Kock b Jansen,4667
Australia,Pat Cummins,22,21,29,4,0,104.76,c Miller b Shamsi,4667
Australia,Adam Zampa,11,16,25,1,0,68.75,null,4667
Australia,Josh Hazlewood,2,2,1,0,0,100.00,c Rabada b Shamsi,4667
Afghanistan,Rahmanullah Gurbaz,21,28,65,3,1,75.00,c Thakur b Pandya,4666
Afghanistan,Ibrahim Zadran,22,28,31,4,0,78.57,c †Rahul b Bumrah,4666
Afghanistan,Rahmat Shah,16,22,37,3,0,72.72,lbw b Thakur,4666
Afghanistan,Hashmatullah Shahidi,80,88,128,8,1,90.90,lbw b Kuldeep Yadav,4666
Afghanistan,Azmatullah Omarzai,62,69,82,2,4,89.85, b Pandya,4666
Afghanistan,Mohammad Nabi,19,27,52,1,0,70.37,lbw b Bumrah,4666
Afghanistan,Najibullah Zadran,2,8,6,0,0,25.00,c Kohli b Bumrah,4666
Afghanistan,Rashid Khan,16,12,18,1,1,133.33,c Kuldeep Yadav b Bumrah,4666
Afghanistan,Mujeeb Ur Rahman,10,12,22,2,0,83.33,null,4666
Afghanistan,Naveen-ul-Haq,9,8,8,1,0,112.50,null,4666
India,Rohit Sharma,131,84,111,16,5,155.95, b Rashid Khan,4666
India,Ishan Kishan,47,47,78,5,2,100.00,c Ibrahim Zadran b Rashid Khan,4666
India,Virat Kohli,55,56,64,6,0,98.21,null,4666
India,Shreyas Iyer,25,23,31,1,1,108.69,null,4666
Sri Lanka,Pathum Nissanka,51,61,79,7,1,83.60,c Abdullah Shafique b Shadab Khan,4665
Sri Lanka,Kusal Perera,0,4,7,0,0,0.00,c †Mohammad Rizwan b Hasan Ali,4665
Sri Lanka,Kusal Mendis,122,77,124,14,6,158.44,c Imam-ul-Haq b Hasan Ali,4665
Sri Lanka,Sadeera Samarawickrama,108,89,139,11,2,121.34,c †Mohammad Rizwan b Hasan Ali,4665
Sri Lanka,Charith Asalanka,1,3,5,0,0,33.33,c †Mohammad Rizwan b Hasan Ali,4665
Sri Lanka,Dhananjaya de Silva,25,34,47,3,0,73.52,c Shaheen Shah Afridi b Mohammad Nawaz,4665
Sri Lanka,Dasun Shanaka,12,18,23,0,0,66.66,c Babar Azam b Shaheen Shah Afridi,4665
Sri Lanka,Dunith Wellalage,10,8,18,1,0,125.00,c Abdullah Shafique b Haris Rauf,4665
Sri Lanka,Maheesh Theekshana,0,4,6,0,0,0.00, b Haris Rauf,4665
Sri Lanka,Matheesha Pathirana,1,3,3,0,0,33.33,null,4665
Pakistan,Abdullah Shafique,113,103,150,10,3,109.70,c sub (MADI Hemantha) b Pathirana,4665
Pakistan,Imam-ul-Haq,12,12,15,1,0,100.00,c Perera b Madushanka,4665
Pakistan,Babar Azam,10,15,17,1,0,66.66,c †Samarawickrama b Madushanka,4665
Pakistan,Mohammad Rizwan,131,121,193,8,3,108.26,null,4665
Pakistan,Saud Shakeel,31,30,57,2,0,103.33,c Wellalage b Theekshana,4665
Pakistan,Iftikhar Ahmed,22,10,18,4,0,220.00,null,4665
England,Jonny Bairstow,52,59,80,8,0,88.13, b Shakib Al Hasan,4664
England,Dawid Malan,140,107,106,16,5,130.84, b Mahedi Hasan,4664
England,Joe Root,82,68,107,8,1,120.58,c †Mushfiqur Rahim b Shoriful Islam,4664
England,Jos Buttler,20,10,11,1,1,200.00, b Shoriful Islam,4664
England,Harry Brook,20,15,23,3,0,133.33,c Litton Das b Mahedi Hasan,4664
England,Liam Livingstone,0,1,1,0,0,0.00, b Shoriful Islam,4664
England,Sam Curran,11,15,20,1,0,73.33,c Najmul Hossain Shanto b Mahedi Hasan,4664
England,Chris Woakes,14,11,21,2,0,127.27,c Mahedi Hasan b Taskin Ahmed,4664
England,Adil Rashid,11,7,8,1,0,157.14,c Najmul Hossain Shanto b Mahedi Hasan,4664
England,Mark Wood,6,5,6,1,0,120.00,null,4664
England,Reece Topley,1,2,2,0,0,50.00,null,4664
Bangladesh,Litton Das,76,66,99,7,2,115.15,c †Buttler b Woakes,4664
Bangladesh,Tanzid Hasan,1,2,7,0,0,50.00,c Bairstow b Topley,4664
Bangladesh,Najmul Hossain Shanto,0,1,1,0,0,0.00,c Livingstone b Topley,4664
Bangladesh,Shakib Al Hasan,1,9,16,0,0,11.11, b Topley,4664
Bangladesh,Mehidy Hasan Miraz,8,7,12,1,0,114.28,c †Buttler b Woakes,4664
Bangladesh,Mushfiqur Rahim,51,64,93,4,0,79.68,c Rashid b Topley,4664
Bangladesh,Towhid Hridoy,39,61,70,2,0,63.93,c †Buttler b Livingstone,4664
Bangladesh,Mahedi Hasan,14,32,39,1,0,43.75, b Rashid,4664
Bangladesh,Taskin Ahmed,15,25,35,0,1,60.00, b Curran,4664
Bangladesh,Shoriful Islam,12,14,17,2,0,85.71, b Wood,4664
Bangladesh,Mustafizur Rahman,3,9,12,0,0,33.33,null,4664
New Zealand,Devon Conway,32,40,51,5,1,80.00,c de Leede b van der Merwe,4663
New Zealand,Will Young,70,80,106,7,2,87.50,c de Leede b van Meekeren,4663
New Zealand,Rachin Ravindra,51,51,87,3,1,100.00,c †Edwards b van der Merwe,4663
New Zealand,Daryl Mitchell,48,47,67,5,2,102.12, b van Meekeren,4663
New Zealand,Tom Latham,53,46,72,6,1,115.21,st †Edwards b Dutt,4663
New Zealand,Glenn Phillips,4,4,6,1,0,100.00,c †Edwards b de Leede,4663
New Zealand,Mark Chapman,5,13,11,0,0,38.46,c van der Merwe b Dutt,4663
New Zealand,Mitchell Santner,36,17,25,3,2,211.76,null,4663
New Zealand,Matt Henry,10,4,6,0,1,250.00,null,4663
Netherlands,Vikramjit Singh,12,20,22,1,0,60.00, b Henry,4663
Netherlands,Max O'Dowd,16,31,40,2,0,51.61,lbw b Santner,4663
Netherlands,Colin Ackermann,69,73,98,5,0,94.52,c Henry b Santner,4663
Netherlands,Bas de Leede,18,25,21,3,0,72.00,c Boult b Ravindra,4663
Netherlands,Teja Nidamanuru,21,26,28,2,1,80.76,run out (Ferguson/†Latham),4663
Netherlands,Scott Edwards,30,27,37,2,1,111.11,c & b Santner,4663
Netherlands,Sybrand Engelbrecht,29,34,55,3,0,85.29,c Conway b Henry,4663
Netherlands,Roelof van der Merwe,1,6,9,0,0,16.66,c Henry b Santner,4663
Netherlands,Ryan Klein,8,15,23,0,0,53.33,lbw b Santner,4663
Netherlands,Aryan Dutt,11,20,19,0,1,55.00, b Henry,4663
Netherlands,Paul van Meekeren,4,3,5,1,0,133.33,null,4663
Australia,David Warner,41,52,76,6,0,78.84,c & b Kuldeep Yadav,4662
Australia,Mitchell Marsh,0,6,11,0,0,0.00,c Kohli b Bumrah,4662
Australia,Steven Smith,46,71,112,5,0,64.78, b Jadeja,4662
Australia,Marnus Labuschagne,27,41,58,1,0,65.85,c †Rahul b Jadeja,4662
Australia,Glenn Maxwell,15,25,44,1,0,60.00, b Kuldeep Yadav,4662
Australia,Alex Carey,0,2,1,0,0,0.00,lbw b Jadeja,4662
Australia,Cameron Green,8,20,31,0,0,40.00,c Pandya b Ashwin,4662
Australia,Pat Cummins,15,24,26,1,1,62.50,c Iyer b Bumrah,4662
Australia,Mitchell Starc,28,35,58,2,1,80.00,c Iyer b Mohammed Siraj,4662
Australia,Adam Zampa,6,20,28,0,0,30.00,c Kohli b Pandya,4662
Australia,Josh Hazlewood,1,1,6,0,0,100.00,null,4662
India,Rohit Sharma,0,6,10,0,0,0.00,lbw b Hazlewood,4662
India,Ishan Kishan,0,1,3,0,0,0.00,c Green b Starc,4662
India,Virat Kohli,85,116,171,6,0,73.27,c Labuschagne b Hazlewood,4662
India,Shreyas Iyer,0,3,2,0,0,0.00,c Warner b Hazlewood,4662
India,KL Rahul,97,115,180,8,2,84.34,null,4662
India,Hardik Pandya,11,8,17,0,1,137.50,null,4662
South Africa,Quinton de Kock,100,84,140,12,3,119.04,c de Silva b Pathirana,4661
South Africa,Temba Bavuma,8,5,9,2,0,160.00,lbw b Madushanka,4661
South Africa,Rassie van der Dussen,108,110,161,13,2,98.18,c Samarawickrama b Wellalage,4661
South Africa,Aiden Markram,106,54,84,14,3,196.29,c Rajitha b Madushanka,4661
South Africa,Heinrich Klaasen,32,20,30,1,3,160.00,c Shanaka b Rajitha,4661
South Africa,David Miller,39,21,36,3,2,185.71,null,4661
South Africa,Marco Jansen,12,7,15,0,1,171.42,null,4661
Sri Lanka,Pathum Nissanka,0,3,6,0,0,0.00, b Jansen,4661
Sri Lanka,Kusal Perera,7,15,42,1,0,46.66, b Jansen,4661
Sri Lanka,Kusal Mendis,76,42,55,4,8,180.95,c †Klaasen b Rabada,4661
Sri Lanka,Sadeera Samarawickrama,23,19,22,3,1,121.05,c Jansen b Coetzee,4661
Sri Lanka,Charith Asalanka,79,65,83,8,4,121.53,c sub (RR Hendricks) b Ngidi,4661
Sri Lanka,Dhananjaya de Silva,11,14,28,1,0,78.57,c sub (AL Phehlukwayo) b Maharaj,4661
Sri Lanka,Dasun Shanaka,68,62,86,6,3,109.67, b Maharaj,4661
Sri Lanka,Dunith Wellalage,0,1,2,0,0,0.00,c †Klaasen b Coetzee,4661
Sri Lanka,Kasun Rajitha,33,31,52,4,1,106.45,c Markram b Coetzee,4661
Sri Lanka,Matheesha Pathirana,5,16,25,1,0,31.25, b Rabada,4661
Sri Lanka,Dilshan Madushanka,4,2,4,1,0,200.00,null,4661
Afghanistan,Rahmanullah Gurbaz,47,62,112,4,1,75.80,c Tanzid Hasan b Mustafizur Rahman,4660
Afghanistan,Ibrahim Zadran,22,25,41,3,1,88.00,c Tanzid Hasan b Shakib Al Hasan,4660
Afghanistan,Rahmat Shah,18,25,30,1,0,72.00,c Litton Das b Shakib Al Hasan,4660
Afghanistan,Hashmatullah Shahidi,18,38,34,2,0,47.36,c Towhid Hridoy b Mehidy Hasan Miraz,4660
Afghanistan,Najibullah Zadran,5,13,16,0,0,38.46, b Shakib Al Hasan,4660
Afghanistan,Mohammad Nabi,6,12,19,0,0,50.00, b Taskin Ahmed,4660
Afghanistan,Azmatullah Omarzai,22,20,32,4,0,110.00, b Shoriful Islam,4660
Afghanistan,Rashid Khan,9,16,16,1,0,56.25, b Mehidy Hasan Miraz,4660
Afghanistan,Mujeeb Ur Rahman,1,4,9,0,0,25.00, b Mehidy Hasan Miraz,4660
Afghanistan,Naveen-ul-Haq,0,6,8,0,0,0.00,c Towhid Hridoy b Shoriful Islam,4660
Afghanistan,Fazalhaq Farooqi,0,3,3,0,0,0.00,null,4660
Bangladesh,Tanzid Hasan,5,13,19,1,0,38.46,run out (Najibullah Zadran),4660
Bangladesh,Litton Das,13,18,29,2,0,72.22, b Fazalhaq Farooqi,4660
Bangladesh,Mehidy Hasan Miraz,57,73,89,5,0,78.08,c Rahmat Shah b Naveen-ul-Haq,4660
Bangladesh,Najmul Hossain Shanto,59,83,112,3,1,71.08,null,4660
Bangladesh,Shakib Al Hasan,14,19,24,2,0,73.68,c Fazalhaq Farooqi b Azmatullah Omarzai,4660
Bangladesh,Mushfiqur Rahim,2,3,6,0,0,66.66,null,4660
Pakistan,Fakhar Zaman,12,15,14,3,0,80.00,c & b van Beek,4659
Pakistan,Imam-ul-Haq,15,19,40,2,0,78.94,c Dutt b van Meekeren,4659
Pakistan,Babar Azam,5,18,20,0,0,27.77,c Saqib Zulfiqar b Ackermann,4659
Pakistan,Mohammad Rizwan,68,75,104,8,0,90.66, b de Leede,4659
Pakistan,Saud Shakeel,68,52,84,9,1,130.76,c Saqib Zulfiqar b Dutt,4659
Pakistan,Iftikhar Ahmed,9,11,22,1,0,81.81,c †Edwards b de Leede,4659
Pakistan,Mohammad Nawaz,39,43,66,4,0,90.69,run out (van Meekeren/Ackermann),4659
Pakistan,Shadab Khan,32,34,42,2,1,94.11, b de Leede,4659
Pakistan,Hasan Ali,0,1,2,0,0,0.00,lbw b de Leede,4659
Pakistan,Shaheen Shah Afridi,13,12,23,2,0,108.33,null,4659
Pakistan,Haris Rauf,16,14,10,2,1,114.28,st †Edwards b Ackermann,4659
Netherlands,Vikramjit Singh,52,67,97,4,1,77.61,c Fakhar Zaman b Shadab Khan,4659
Netherlands,Max O'Dowd,5,12,24,1,0,41.66,c Shaheen Shah Afridi b Hasan Ali,4659
Netherlands,Colin Ackermann,17,21,24,3,0,80.95, b Iftikhar Ahmed,4659
Netherlands,Bas de Leede,67,68,92,6,2,98.52, b Mohammad Nawaz,4659
Netherlands,Teja Nidamanuru,5,9,10,1,0,55.55,c Fakhar Zaman b Haris Rauf,4659
Netherlands,Scott Edwards,0,2,2,0,0,0.00,lbw b Haris Rauf,4659
Netherlands,Saqib Zulfiqar,10,18,24,1,0,55.55,lbw b Shaheen Shah Afridi,4659
Netherlands,Roelof van der Merwe,4,7,18,0,0,57.14,run out (Babar Azam/†Mohammad Rizwan),4659
Netherlands,Logan van Beek,28,28,36,3,1,100.00,null,4659
Netherlands,Aryan Dutt,1,2,6,0,0,50.00, b Hasan Ali,4659
Netherlands,Paul van Meekeren,7,12,17,1,0,58.33, b Haris Rauf,4659
England,Jonny Bairstow,33,35,57,4,1,94.28,c Mitchell b Santner,4658
England,Dawid Malan,14,24,36,2,0,58.33,c †Latham b Henry,4658
England,Joe Root,77,86,140,4,1,89.53, b Phillips,4658
England,Harry Brook,25,16,20,4,1,156.25,c Conway b Ravindra,4658
England,Moeen Ali,11,17,20,1,0,64.70, b Phillips,4658
England,Jos Buttler,43,42,48,2,2,102.38,c †Latham b Henry,4658
England,Liam Livingstone,20,22,23,3,0,90.90,c Henry b Boult,4658
England,Sam Curran,14,19,30,0,0,73.68,c †Latham b Henry,4658
England,Chris Woakes,11,12,15,1,0,91.66,c Young b Santner,4658
England,Adil Rashid,15,13,23,0,1,115.38,null,4658
England,Mark Wood,13,14,19,0,0,92.85,null,4658
New Zealand,Devon Conway,152,121,147,19,3,125.61,null,4658
New Zealand,Will Young,0,1,5,0,0,0.00,c †Buttler b Curran,4658
New Zealand,Rachin Ravindra,123,96,141,11,5,128.12,null,4658
